{
  "ResidentialSimulationControls": {
    "timesteps_per_hr": 1,
    "begin_month": 1,
    "begin_day_of_month": 1,
    "end_month": 12,
    "end_day_of_month": 31,
    "calendar_year": 2019,
    "applicable": true
  },
  "ResidentialGeometryCreateFromFloorspaceJS": {
    "floorplan_path": "floorplan.json",
    "num_bedrooms": "0,0,0,0,0,0,0,0,0,0,0,0,1,1,1,1,1,1,1,1,1,1,1,1,1,1,1,1,1,1,1,1,1,2,2,2,2,2,2,2,2,2,3,3,3",
    "num_bathrooms": "2",
    "num_occupants": "auto",
    "occupants_weekday_sch": "1.00, 1.00, 1.00, 1.00, 1.00, 1.00, 1.00, 0.88, 0.41, 0.24, 0.24, 0.24, 0.24, 0.24, 0.24, 0.24, 0.29, 0.55, 0.90, 0.90, 0.90, 1.00, 1.00, 1.00",
    "occupants_weekend_sch": "1.00, 1.00, 1.00, 1.00, 1.00, 1.00, 1.00, 0.88, 0.41, 0.24, 0.24, 0.24, 0.24, 0.24, 0.24, 0.24, 0.29, 0.55, 0.90, 0.90, 0.90, 1.00, 1.00, 1.00",
    "occupants_monthly_sch": "1.0, 1.0, 1.0, 1.0, 1.0, 1.0, 1.0, 1.0, 1.0, 1.0, 1.0, 1.0",
    "applicable": true
  },
  "ChangeBuildingLocation": {
    "weather_file_name": "USA_CA_Sacramento.Metro.AP.724839_TMY3.epw",
    "climate_zone": "Lookup From Stat File",
    "set_year": 2019,
    "use_upstream_args": true,
    "epw_gsub": "Do Nothing",
    "reported_climate_zone": "3C",
    "applicable": true
  },
  "ResidentialHotWaterHeaterTank": {
    "fuel_type": "gas",
    "tank_volume": "50",
    "setpoint_temp": 125.0,
    "location": "auto",
    "capacity": "40.0",
    "energy_factor": "0.59",
    "recovery_efficiency": 0.76,
    "offcyc_power": 0.0,
    "oncyc_power": 0.0,
    "applicable": true
  },
  "ResidentialHotWaterFixtures": {
    "shower_mult": 1.0,
    "sink_mult": 1.0,
    "bath_mult": 1.0,
    "plant_loop": "auto",
    "schedule_day_shift": 0,
    "applicable": true
  },
  "ResidentialHotWaterDistribution": {
    "pipe_mat": "copper",
    "dist_layout": "trunk and branch",
    "space": "interior",
    "recirc_type": "none",
    "dist_ins": 0.0,
    "applicable": true
  },
  "ResidentialHVACHeatingSetpoints": {
    "weekday_setpoint": "71.0",
    "weekend_setpoint": "71.0",
    "weekday_offset_magnitude": 0.0,
    "weekend_offset_magnitude": 0.0,
    "weekday_offset_schedule": "0,0,0,0,0,0,0,0,0,0,0,0,0,0,0,0,0,0,0,0,0,0,0,0",
    "weekend_offset_schedule": "0,0,0,0,0,0,0,0,0,0,0,0,0,0,0,0,0,0,0,0,0,0,0,0",
    "use_auto_season": false,
    "season_start_month": "Jan",
    "season_end_month": "Dec",
    "applicable": true
  },
  "ResidentialHVACCoolingSetpoints": {
    "weekday_setpoint": "76.0",
    "weekend_setpoint": "76.0",
    "weekday_offset_magnitude": 0.0,
    "weekend_offset_magnitude": 0.0,
    "weekday_offset_schedule": "0,0,0,0,0,0,0,0,0,0,0,0,0,0,0,0,0,0,0,0,0,0,0,0",
    "weekend_offset_schedule": "0,0,0,0,0,0,0,0,0,0,0,0,0,0,0,0,0,0,0,0,0,0,0,0",
    "use_auto_season": false,
    "season_start_month": "Jan",
    "season_end_month": "Dec",
    "applicable": true
  },
  "ResidentialApplianceRefrigerator": {
    "rated_annual_energy": 348.0,
    "mult": 1.0,
    "weekday_sch": "0.040, 0.039, 0.038, 0.037, 0.036, 0.036, 0.038, 0.040, 0.041, 0.041, 0.040, 0.040, 0.042, 0.042, 0.042, 0.041, 0.044, 0.048, 0.050, 0.048, 0.047, 0.046, 0.044, 0.041",
    "weekend_sch": "0.040, 0.039, 0.038, 0.037, 0.036, 0.036, 0.038, 0.040, 0.041, 0.041, 0.040, 0.040, 0.042, 0.042, 0.042, 0.041, 0.044, 0.048, 0.050, 0.048, 0.047, 0.046, 0.044, 0.041",
    "monthly_sch": "0.837, 0.835, 1.084, 1.084, 1.084, 1.096, 1.096, 1.096, 1.096, 0.931, 0.925, 0.837",
    "location": "auto",
    "applicable": true
  },
  "ResidentialApplianceClothesWasher": {
    "imef": 2.92,
    "rated_annual_energy": 75.0,
    "annual_cost": 7.0,
    "test_date": 2013,
    "drum_volume": 4.5,
    "cold_cycle": false,
    "thermostatic_control": true,
    "internal_heater": false,
    "fill_sensor": false,
    "mult_e": 1.0,
    "mult_hw": 1.0,
    "location": "auto",
    "plant_loop": "auto",
    "schedule_day_shift": 0,
    "applicable": true
  },
  "ResidentialApplianceClothesDryer": {
    "fuel_type": "electric",
    "cef": 5.2,
    "fuel_split": 1.0,
    "mult": 1.0,
    "location": "auto",
    "applicable": true
  },
  "ResidentialApplianceDishwasher": {
    "num_settings": 12,
    "rated_annual_energy": 199.0,
    "has_internal_heater": true,
    "cold_inlet": false,
    "cold_use": 0.0,
    "test_date": 2017,
    "annual_gas_cost": 18.0,
    "mult_e": 1.0,
    "mult_hw": 1.0,
    "location": "auto",
    "plant_loop": "auto",
    "schedule_day_shift": 0,
    "applicable": true
  },
  "ResidentialApplianceCookingRange": {
    "fuel_type": "electric",
    "cooktop_ef": 0.84,
    "oven_ef": 0.11,
    "has_elec_ignition": true,
    "mult": 1.0,
    "weekday_sch": "0.007, 0.007, 0.004, 0.004, 0.007, 0.011, 0.025, 0.042, 0.046, 0.048, 0.042, 0.050, 0.057, 0.046, 0.057, 0.044, 0.092, 0.150, 0.117, 0.060, 0.035, 0.025, 0.016, 0.011",
    "weekend_sch": "0.007, 0.007, 0.004, 0.004, 0.007, 0.011, 0.025, 0.042, 0.046, 0.048, 0.042, 0.050, 0.057, 0.046, 0.057, 0.044, 0.092, 0.150, 0.117, 0.060, 0.035, 0.025, 0.016, 0.011",
    "monthly_sch": "1.097, 1.097, 0.991, 0.987, 0.991, 0.890, 0.896, 0.896, 0.890, 1.085, 1.085, 1.097",
    "location": "auto",
    "applicable": true
  },
  "ResidentialLightingInterior": {
    "option_type": "Lamp Fractions",
    "hw_cfl": 0.0,
    "hw_led": 1.0,
    "hw_lfl": 0.0,
    "pg_cfl": 0.0,
    "pg_led": 1.0,
    "pg_lfl": 0.0,
    "mult": 1.0,
    "in_eff": 15.0,
    "cfl_eff": 55.0,
    "led_eff": 80.0,
    "lfl_eff": 88.0,
    "energy_use_interior": 900.0,
    "sch_option_type": "Calculated Lighting Schedule",
    "monthly_sch": "1.248, 1.257, 0.993, 0.989, 0.993, 0.827, 0.821, 0.821, 0.827, 0.99, 0.987, 1.248",
    "applicable": true
  },
  "ResidentialMiscPlugLoads": {
    "option_type": "Multiplier",
    "mult": 1.0,
    "energy_use": 2000.0,
    "sens_frac": 0.93,
    "lat_frac": 0.021,
    "weekday_sch": "0.035, 0.033, 0.032, 0.031, 0.032, 0.033, 0.037, 0.042, 0.043, 0.043, 0.043, 0.044, 0.045, 0.045, 0.044, 0.046, 0.048, 0.052, 0.053, 0.05, 0.047, 0.045, 0.04, 0.036",
    "weekend_sch": "0.035, 0.033, 0.032, 0.031, 0.032, 0.033, 0.037, 0.042, 0.043, 0.043, 0.043, 0.044, 0.045, 0.045, 0.044, 0.046, 0.048, 0.052, 0.053, 0.05, 0.047, 0.045, 0.04, 0.036",
    "monthly_sch": "1.248, 1.257, 0.993, 0.989, 0.993, 0.827, 0.821, 0.821, 0.827, 0.99, 0.987, 1.248",
    "applicable": true
  },
  "surface_matching_diagnostic": {
    "applicable": true
  },
  "RotateBuilding": {
    "relative_building_rotation": 0.0,
    "orientation_initial": 0.0,
    "orientation_final": 0.0,
    "applicable": false
  },
  "SetWindowToWallRatioByFacade": {
    "wwr": 0.3,
    "sillHeight": 30.0,
    "facade": "All",
    "exl_spaces_not_incl_fl_area": true,
    "split_at_doors": "Split Walls at Doors",
    "inset_tri_sub": true,
    "triangulate": true,
    "applicable": true
  },
  "South AddOverhangsByProjectionFactor": {
    "projection_factor": 1.0,
    "facade": "South",
    "remove_ext_space_shading": false,
    "applicable": true
  },
  "East AddOverhangsByProjectionFactor": {
    "projection_factor": 1.0,
    "facade": "East",
    "remove_ext_space_shading": false,
    "applicable": true
  },
  "West AddOverhangsByProjectionFactor": {
    "projection_factor": 1.0,
    "facade": "West",
    "remove_ext_space_shading": false,
    "applicable": true
  },
  "zero_energy_multifamily": {
    "add_constructions": true,
    "wall_roof_construction_template": "Better",
    "window_construction_template": "Better",
    "add_space_type_loads": true,
    "add_elevators": true,
    "elev_spaces": "Elevator_1_4,Elevator_2_4",
    "elevator_type": "Traction",
    "add_internal_mass": true,
    "add_exterior_lights": true,
    "onsite_parking_fraction": 0.0,
    "add_thermostat": true,
    "add_swh": false,
    "swh_type": "HeatPump",
    "add_hvac": true,
    "hvac_system_type": "Minisplit Heat Pumps with ERVs",
    "applicable": true
  },
  "view_model": {
    "applicable": false
  },
  "AddMeter": {
    "meter_name": "ElectricityProduced:Facility",
    "reporting_frequency": "timestep",
    "applicable": true
  },
  "openstudio_results": {
    "units": "IP",
    "building_summary_section": true,
    "annual_overview_section": true,
    "monthly_overview_section": true,
    "utility_bills_rates_section": true,
    "envelope_section_section": true,
    "space_type_breakdown_section": true,
    "space_type_details_section": true,
    "interior_lighting_section": true,
    "plug_loads_section": true,
    "exterior_light_section": true,
    "water_use_section": true,
    "hvac_load_profile": true,
    "zone_condition_section": true,
    "zone_summary_section": true,
    "zone_equipment_detail_section": true,
    "air_loops_detail_section": true,
    "plant_loops_detail_section": true,
    "outdoor_air_section": true,
    "cost_summary_section": true,
    "source_energy_section": true,
    "schedules_overview_section": true,
    "measure_warning_section": true,
    "reg_monthly_details": false,
    "standards_gem_version": "0.2.11",
    "workflow_gem_version": "2.0.0",
    "building_name": "n/a",
    "total_site_energy": 1588835.316952417,
    "net_site_energy": 1588835.316952417,
    "total_building_area": 52000.020666708,
    "total_site_eui": 30.554513182523362,
    "eui": 30.554513182523362,
    "unmet_hours_during_heating": 0.0,
    "unmet_hours_during_cooling": 0.0,
    "unmet_hours_during_occupied_heating": 0.0,
    "unmet_hours_during_occupied_cooling": 0.0,
    "unmet_hours_tolerance_heating": 1.008,
    "unmet_hours_tolerance_cooling": 1.008,
    "end_use_heating": 53011.41153912384,
    "end_use_cooling": 192397.3972524003,
    "end_use_interior_lighting": 267066.4299906834,
    "end_use_exterior_lighting": 22880.30528436348,
    "end_use_interior_equipment": 529516.990605441,
    "end_use_exterior_equipment": 0.0,
    "end_use_fans": 36907.998665000574,
    "end_use_pumps": 0.0,
    "end_use_heat_rejection": 0.0,
    "end_use_humidification": 0.0,
    "end_use_heat_recovery": 0.0,
    "end_use_water_systems": 487045.30544420116,
    "end_use_refrigeration": 0.0,
    "end_use_generators": 0.0,
    "fuel_electricity": 1101780.5333370126,
    "fuel_natural_gas": 487045.30544420116,
    "fuel_additional_fuel": 0.0,
    "fuel_district_cooling": 0.0,
    "fuel_district_heating": 0.0,
    "end_use_electricity_heating": 15536.111111111113,
    "end_use_electricity_cooling": 56386.11111111111,
    "end_use_electricity_interior_lighting": 78269.44444444445,
    "end_use_electricity_exterior_lighting": 6705.555555555556,
    "end_use_electricity_interior_equipment": 155186.1111111111,
    "end_use_electricity_exterior_equipment": 0.0,
    "end_use_electricity_fans": 10816.666666666666,
    "end_use_electricity_pumps": 0.0,
    "end_use_electricity_heat_rejection": 0.0,
    "end_use_electricity_humidification": 0.0,
    "end_use_electricity_heat_recovery": 0.0,
    "end_use_electricity_water_systems": 0.0,
    "end_use_electricity_refrigeration": 0.0,
    "end_use_electricity_generators": 0.0,
    "end_use_natural_gas_heating": 0.0,
    "end_use_natural_gas_cooling": 0.0,
    "end_use_natural_gas_interior_lighting": 0.0,
    "end_use_natural_gas_exterior_lighting": 0.0,
    "end_use_natural_gas_interior_equipment": 0.0,
    "end_use_natural_gas_exterior_equipment": 0.0,
    "end_use_natural_gas_fans": 0.0,
    "end_use_natural_gas_pumps": 0.0,
    "end_use_natural_gas_heat_rejection": 0.0,
    "end_use_natural_gas_humidification": 0.0,
    "end_use_natural_gas_heat_recovery": 0.0,
    "end_use_natural_gas_water_systems": 4870.453054442012,
    "end_use_natural_gas_refrigeration": 0.0,
    "end_use_natural_gas_generators": 0.0,
    "electricity_heating_ip": 15536.979166666666,
    "electricity_cooling_ip": 56386.04666666667,
    "electricity_interior_lighting_ip": 78269.97222222222,
    "electricity_exterior_lighting_ip": 6704.811111111111,
    "electricity_interior_equipment_ip": 155186.19444444444,
    "electricity_exterior_equipment_ip": 0.0,
    "electricity_fans_ip": 10817.344444444445,
    "electricity_pumps_ip": 0.0,
    "electricity_heat_rejection_ip": 0.0,
    "electricity_humidification_ip": 0.0,
    "electricity_heat_recovery_ip": 0.0,
    "electricity_water_systems_ip": 0.0,
    "electricity_refrigeration_ip": 0.0,
    "electricity_generators_ip": 0.0,
    "electricity_ip": 322901.3480555556,
    "natural_gas_heating_ip": 0.0,
    "natural_gas_cooling_ip": 0.0,
    "natural_gas_interior_lighting_ip": 0.0,
    "natural_gas_exterior_lighting_ip": 0.0,
    "natural_gas_interior_equipment_ip": 0.0,
    "natural_gas_exterior_equipment_ip": 0.0,
    "natural_gas_fans_ip": 0.0,
    "natural_gas_pumps_ip": 0.0,
    "natural_gas_heat_rejection_ip": 0.0,
    "natural_gas_humidification_ip": 0.0,
    "natural_gas_heat_recovery_ip": 0.0,
    "natural_gas_water_systems_ip": 487.0468219515937,
    "natural_gas_refrigeration_ip": 0.0,
    "natural_gas_generators_ip": 0.0,
    "natural_gas_ip": 487.0468219515937,
    "additional_fuel_heating_ip": 0.0,
    "additional_fuel_cooling_ip": 0.0,
    "additional_fuel_interior_lighting_ip": 0.0,
    "additional_fuel_exterior_lighting_ip": 0.0,
    "additional_fuel_interior_equipment_ip": 0.0,
    "additional_fuel_exterior_equipment_ip": 0.0,
    "additional_fuel_fans_ip": 0.0,
    "additional_fuel_pumps_ip": 0.0,
    "additional_fuel_heat_rejection_ip": 0.0,
    "additional_fuel_humidification_ip": 0.0,
    "additional_fuel_heat_recovery_ip": 0.0,
    "additional_fuel_water_systems_ip": 0.0,
    "additional_fuel_refrigeration_ip": 0.0,
    "additional_fuel_generators_ip": 0.0,
    "additional_fuel_ip": 0.0,
    "district_cooling_heating_ip": 0.0,
    "district_cooling_cooling_ip": 0.0,
    "district_cooling_interior_lighting_ip": 0.0,
    "district_cooling_exterior_lighting_ip": 0.0,
    "district_cooling_interior_equipment_ip": 0.0,
    "district_cooling_exterior_equipment_ip": 0.0,
    "district_cooling_fans_ip": 0.0,
    "district_cooling_pumps_ip": 0.0,
    "district_cooling_heat_rejection_ip": 0.0,
    "district_cooling_humidification_ip": 0.0,
    "district_cooling_heat_recovery_ip": 0.0,
    "district_cooling_water_systems_ip": 0.0,
    "district_cooling_refrigeration_ip": 0.0,
    "district_cooling_generators_ip": 0.0,
    "district_cooling_ip": 0.0,
    "district_heating_heating_ip": 0.0,
    "district_heating_cooling_ip": 0.0,
    "district_heating_interior_lighting_ip": 0.0,
    "district_heating_exterior_lighting_ip": 0.0,
    "district_heating_interior_equipment_ip": 0.0,
    "district_heating_exterior_equipment_ip": 0.0,
    "district_heating_fans_ip": 0.0,
    "district_heating_pumps_ip": 0.0,
    "district_heating_heat_rejection_ip": 0.0,
    "district_heating_humidification_ip": 0.0,
    "district_heating_heat_recovery_ip": 0.0,
    "district_heating_water_systems_ip": 0.0,
    "district_heating_refrigeration_ip": 0.0,
    "district_heating_generators_ip": 0.0,
    "district_heating_ip": 0.0,
    "typical_iead_roof_r_31_25": 13000.000000000004,
    "typical_insulated_wood_framed_exterior_wall_r_20_41": 16323.999999999989,
    "u_0_31_shgc_0_24_simple_glazing_window_u_0_31_shgc_0_24": 20.766125468027298,
    "u_0_35_shgc_0_22_simple_glazing_window_u_0_35_shgc_0_22": 39.61617452129901,
    "gross_window_wall_ratio": 30.0,
    "gross_window_wall_ratio_conditioned": 30.0,
    "skylight_roof_ratio": 0.0,
    "space_type_bathroom": 300.0,
    "space_type_coffee": 1499.9999999999998,
    "space_type_community": 1500.0000000000002,
    "space_type_corridor_5": 3399.999999999998,
    "space_type_elevator": 800.0000000000002,
    "space_type_garbage_2": 450.00000000000034,
    "space_type_gym_2": 1050.0000000000002,
    "space_type_living": 34200.0,
    "space_type_lobby": 599.9999999999998,
    "space_type_mail": 450.0,
    "space_type_office_2": 750.0000000000001,
    "space_type_retail": 4600.000000000001,
    "space_type_stair": 2400.000000000001,
    "res_bath_dist_building_unit_001_0_0": 0.0,
    "res_bath_dist_building_unit_002_0_0": 0.0,
    "res_bath_dist_building_unit_003_0_0": 0.0,
    "res_bath_dist_building_unit_004_0_0": 0.0,
    "res_bath_dist_building_unit_005_0_0": 0.0,
    "res_bath_dist_building_unit_006_0_0": 0.0,
    "res_bath_dist_building_unit_007_0_0": 0.0,
    "res_bath_dist_building_unit_008_0_0": 0.0,
    "res_bath_dist_building_unit_009_0_0": 0.0,
    "res_bath_dist_building_unit_010_0_0": 0.0,
    "res_bath_dist_building_unit_011_0_0": 0.0,
    "res_bath_dist_building_unit_012_0_0": 0.0,
    "res_bath_dist_building_unit_101_0_0": 0.0,
    "res_bath_dist_building_unit_102_0_0": 0.0,
    "res_bath_dist_building_unit_103_0_0": 0.0,
    "res_bath_dist_building_unit_104_0_0": 0.0,
    "res_bath_dist_building_unit_105_0_0": 0.0,
    "res_bath_dist_building_unit_106_0_0": 0.0,
    "res_bath_dist_building_unit_107_0_0": 0.0,
    "res_bath_dist_building_unit_108_0_0": 0.0,
    "res_bath_dist_building_unit_109_0_0": 0.0,
    "res_bath_dist_building_unit_110_0_0": 0.0,
    "res_bath_dist_building_unit_111_0_0": 0.0,
    "res_bath_dist_building_unit_112_0_0": 0.0,
    "res_bath_dist_building_unit_113_0_0": 0.0,
    "res_bath_dist_building_unit_114_0_0": 0.0,
    "res_bath_dist_building_unit_115_0_0": 0.0,
    "res_bath_dist_building_unit_116_0_0": 0.0,
    "res_bath_dist_building_unit_117_0_0": 0.0,
    "res_bath_dist_building_unit_118_0_0": 0.0,
    "res_bath_dist_building_unit_119_0_0": 0.0,
    "res_bath_dist_building_unit_120_0_0": 0.0,
    "res_bath_dist_building_unit_121_0_0": 0.0,
    "res_bath_dist_building_unit_201_0_0": 0.0,
    "res_bath_dist_building_unit_202_0_0": 0.0,
    "res_bath_dist_building_unit_203_0_0": 0.0,
    "res_bath_dist_building_unit_204_0_0": 0.0,
    "res_bath_dist_building_unit_205_0_0": 0.0,
    "res_bath_dist_building_unit_206_0_0": 0.0,
    "res_bath_dist_building_unit_207_0_0": 0.0,
    "res_bath_dist_building_unit_208_0_0": 0.0,
    "res_bath_dist_building_unit_209_0_0": 0.0,
    "res_bath_dist_building_unit_301_0_0": 0.0,
    "res_bath_dist_building_unit_302_0_0": 0.0,
    "res_bath_dist_building_unit_303_0_0": 0.0,
    "res_bath_building_unit_001": 5.585124119624446,
    "res_bath_building_unit_002": 5.585124119624446,
    "res_bath_building_unit_003": 5.585124119624446,
    "res_bath_building_unit_004": 5.585124119624446,
    "res_bath_building_unit_005": 5.585124119624446,
    "res_bath_building_unit_006": 5.585124119624446,
    "res_bath_building_unit_007": 5.585124119624446,
    "res_bath_building_unit_008": 5.585124119624446,
    "res_bath_building_unit_009": 5.585124119624446,
    "res_bath_building_unit_010": 5.585124119624446,
    "res_bath_building_unit_011": 5.585124119624446,
    "res_bath_building_unit_012": 5.585124119624446,
    "res_bath_building_unit_101": 7.452151325327473,
    "res_bath_building_unit_102": 7.452151325327473,
    "res_bath_building_unit_103": 7.452151325327473,
    "res_bath_building_unit_104": 7.452151325327473,
    "res_bath_building_unit_105": 7.452151325327473,
    "res_bath_building_unit_106": 7.452151325327473,
    "res_bath_building_unit_107": 7.452151325327473,
    "res_bath_building_unit_108": 7.452151325327473,
    "res_bath_building_unit_109": 7.452151325327473,
    "res_bath_building_unit_110": 7.452151325327473,
    "res_bath_building_unit_111": 7.452151325327473,
    "res_bath_building_unit_112": 7.452151325327473,
    "res_bath_building_unit_113": 7.452151325327473,
    "res_bath_building_unit_114": 7.452151325327473,
    "res_bath_building_unit_115": 7.452151325327473,
    "res_bath_building_unit_116": 7.452151325327473,
    "res_bath_building_unit_117": 7.452151325327473,
    "res_bath_building_unit_118": 7.452151325327473,
    "res_bath_building_unit_119": 7.452151325327473,
    "res_bath_building_unit_120": 7.452151325327473,
    "res_bath_building_unit_121": 7.452151325327473,
    "res_bath_building_unit_201": 6.519815478790141,
    "res_bath_building_unit_202": 6.519815478790141,
    "res_bath_building_unit_203": 6.519815478790141,
    "res_bath_building_unit_204": 6.519815478790141,
    "res_bath_building_unit_205": 6.519815478790141,
    "res_bath_building_unit_206": 6.519815478790141,
    "res_bath_building_unit_207": 6.519815478790141,
    "res_bath_building_unit_208": 6.519815478790141,
    "res_bath_building_unit_209": 6.519815478790141,
    "res_bath_building_unit_301": 6.809606028219618,
    "res_bath_building_unit_302": 6.809606028219618,
    "res_bath_building_unit_303": 6.809606028219618,
    "res_cw_building_unit_001": 0.476335050543237,
    "res_cw_building_unit_002": 0.476335050543237,
    "res_cw_building_unit_003": 0.476335050543237,
    "res_cw_building_unit_004": 0.476335050543237,
    "res_cw_building_unit_005": 0.476335050543237,
    "res_cw_building_unit_006": 0.476335050543237,
    "res_cw_building_unit_007": 0.476335050543237,
    "res_cw_building_unit_008": 0.476335050543237,
    "res_cw_building_unit_009": 0.476335050543237,
    "res_cw_building_unit_010": 0.476335050543237,
    "res_cw_building_unit_011": 0.476335050543237,
    "res_cw_building_unit_012": 0.476335050543237,
    "res_cw_building_unit_101": 0.6351134007243165,
    "res_cw_building_unit_102": 0.6351134007243165,
    "res_cw_building_unit_103": 0.6351134007243165,
    "res_cw_building_unit_104": 0.6351134007243165,
    "res_cw_building_unit_105": 0.6351134007243165,
    "res_cw_building_unit_106": 0.6351134007243165,
    "res_cw_building_unit_107": 0.6351134007243165,
    "res_cw_building_unit_108": 0.6351134007243165,
    "res_cw_building_unit_109": 0.6351134007243165,
    "res_cw_building_unit_110": 0.6351134007243165,
    "res_cw_building_unit_111": 0.6351134007243165,
    "res_cw_building_unit_112": 0.6351134007243165,
    "res_cw_building_unit_113": 0.6351134007243165,
    "res_cw_building_unit_114": 0.6351134007243165,
    "res_cw_building_unit_115": 0.6351134007243165,
    "res_cw_building_unit_116": 0.6351134007243165,
    "res_cw_building_unit_117": 0.6351134007243165,
    "res_cw_building_unit_118": 0.6351134007243165,
    "res_cw_building_unit_119": 0.6351134007243165,
    "res_cw_building_unit_120": 0.6351134007243165,
    "res_cw_building_unit_121": 0.6351134007243165,
    "res_cw_building_unit_201": 0.6979634270451758,
    "res_cw_building_unit_202": 0.6979634270451758,
    "res_cw_building_unit_203": 0.6979634270451758,
    "res_cw_building_unit_204": 0.6979634270451758,
    "res_cw_building_unit_205": 0.6979634270451758,
    "res_cw_building_unit_206": 0.6979634270451758,
    "res_cw_building_unit_207": 0.6979634270451758,
    "res_cw_building_unit_208": 0.6979634270451758,
    "res_cw_building_unit_209": 0.6979634270451758,
    "res_cw_building_unit_301": 0.7418799030871566,
    "res_cw_building_unit_302": 0.7418799030871566,
    "res_cw_building_unit_303": 0.7418799030871566,
    "res_dw_building_unit_001": 0.4536407467020509,
    "res_dw_building_unit_002": 0.4536407467020509,
    "res_dw_building_unit_003": 0.4536407467020509,
    "res_dw_building_unit_004": 0.4536407467020509,
    "res_dw_building_unit_005": 0.4536407467020509,
    "res_dw_building_unit_006": 0.4536407467020509,
    "res_dw_building_unit_007": 0.4536407467020509,
    "res_dw_building_unit_008": 0.4536407467020509,
    "res_dw_building_unit_009": 0.4536407467020509,
    "res_dw_building_unit_010": 0.4536407467020509,
    "res_dw_building_unit_011": 0.4536407467020509,
    "res_dw_building_unit_012": 0.4536407467020509,
    "res_dw_building_unit_101": 0.6048543289360678,
    "res_dw_building_unit_102": 0.6048543289360678,
    "res_dw_building_unit_103": 0.6048543289360678,
    "res_dw_building_unit_104": 0.6048543289360678,
    "res_dw_building_unit_105": 0.6048543289360678,
    "res_dw_building_unit_106": 0.6048543289360678,
    "res_dw_building_unit_107": 0.6048543289360678,
    "res_dw_building_unit_108": 0.6048543289360678,
    "res_dw_building_unit_109": 0.6048543289360678,
    "res_dw_building_unit_110": 0.6048543289360678,
    "res_dw_building_unit_111": 0.6048543289360678,
    "res_dw_building_unit_112": 0.6048543289360678,
    "res_dw_building_unit_113": 0.6048543289360678,
    "res_dw_building_unit_114": 0.6048543289360678,
    "res_dw_building_unit_115": 0.6048543289360678,
    "res_dw_building_unit_116": 0.6048543289360678,
    "res_dw_building_unit_117": 0.6048543289360678,
    "res_dw_building_unit_118": 0.6048543289360678,
    "res_dw_building_unit_119": 0.6048543289360678,
    "res_dw_building_unit_120": 0.6048543289360678,
    "res_dw_building_unit_121": 0.6048543289360678,
    "res_dw_building_unit_201": 0.5764479481066658,
    "res_dw_building_unit_202": 0.5764479481066658,
    "res_dw_building_unit_203": 0.5764479481066658,
    "res_dw_building_unit_204": 0.5764479481066658,
    "res_dw_building_unit_205": 0.5764479481066658,
    "res_dw_building_unit_206": 0.5764479481066658,
    "res_dw_building_unit_207": 0.5764479481066658,
    "res_dw_building_unit_208": 0.5764479481066658,
    "res_dw_building_unit_209": 0.5764479481066658,
    "res_dw_building_unit_301": 0.612084276081137,
    "res_dw_building_unit_302": 0.612084276081137,
    "res_dw_building_unit_303": 0.612084276081137,
    "res_shower_dist_building_unit_001_0_0": 0.0,
    "res_shower_dist_building_unit_002_0_0": 0.0,
    "res_shower_dist_building_unit_003_0_0": 0.0,
    "res_shower_dist_building_unit_004_0_0": 0.0,
    "res_shower_dist_building_unit_005_0_0": 0.0,
    "res_shower_dist_building_unit_006_0_0": 0.0,
    "res_shower_dist_building_unit_007_0_0": 0.0,
    "res_shower_dist_building_unit_008_0_0": 0.0,
    "res_shower_dist_building_unit_009_0_0": 0.0,
    "res_shower_dist_building_unit_010_0_0": 0.0,
    "res_shower_dist_building_unit_011_0_0": 0.0,
    "res_shower_dist_building_unit_012_0_0": 0.0,
    "res_shower_dist_building_unit_101_0_0": 0.0,
    "res_shower_dist_building_unit_102_0_0": 0.0,
    "res_shower_dist_building_unit_103_0_0": 0.0,
    "res_shower_dist_building_unit_104_0_0": 0.0,
    "res_shower_dist_building_unit_105_0_0": 0.0,
    "res_shower_dist_building_unit_106_0_0": 0.0,
    "res_shower_dist_building_unit_107_0_0": 0.0,
    "res_shower_dist_building_unit_108_0_0": 0.0,
    "res_shower_dist_building_unit_109_0_0": 0.0,
    "res_shower_dist_building_unit_110_0_0": 0.0,
    "res_shower_dist_building_unit_111_0_0": 0.0,
    "res_shower_dist_building_unit_112_0_0": 0.0,
    "res_shower_dist_building_unit_113_0_0": 0.0,
    "res_shower_dist_building_unit_114_0_0": 0.0,
    "res_shower_dist_building_unit_115_0_0": 0.0,
    "res_shower_dist_building_unit_116_0_0": 0.0,
    "res_shower_dist_building_unit_117_0_0": 0.0,
    "res_shower_dist_building_unit_118_0_0": 0.0,
    "res_shower_dist_building_unit_119_0_0": 0.0,
    "res_shower_dist_building_unit_120_0_0": 0.0,
    "res_shower_dist_building_unit_121_0_0": 0.0,
    "res_shower_dist_building_unit_201_0_0": 0.0,
    "res_shower_dist_building_unit_202_0_0": 0.0,
    "res_shower_dist_building_unit_203_0_0": 0.0,
    "res_shower_dist_building_unit_204_0_0": 0.0,
    "res_shower_dist_building_unit_205_0_0": 0.0,
    "res_shower_dist_building_unit_206_0_0": 0.0,
    "res_shower_dist_building_unit_207_0_0": 0.0,
    "res_shower_dist_building_unit_208_0_0": 0.0,
    "res_shower_dist_building_unit_209_0_0": 0.0,
    "res_shower_dist_building_unit_301_0_0": 0.0,
    "res_shower_dist_building_unit_302_0_0": 0.0,
    "res_shower_dist_building_unit_303_0_0": 0.0,
    "res_shower_building_unit_001": 3.47626924794228,
    "res_shower_building_unit_002": 3.47626924794228,
    "res_shower_building_unit_003": 3.47626924794228,
    "res_shower_building_unit_004": 3.47626924794228,
    "res_shower_building_unit_005": 3.47626924794228,
    "res_shower_building_unit_006": 3.47626924794228,
    "res_shower_building_unit_007": 3.47626924794228,
    "res_shower_building_unit_008": 3.47626924794228,
    "res_shower_building_unit_009": 3.47626924794228,
    "res_shower_building_unit_010": 3.47626924794228,
    "res_shower_building_unit_011": 3.47626924794228,
    "res_shower_building_unit_012": 3.47626924794228,
    "res_shower_building_unit_101": 4.635853347077303,
    "res_shower_building_unit_102": 4.635853347077303,
    "res_shower_building_unit_103": 4.635853347077303,
    "res_shower_building_unit_104": 4.635853347077303,
    "res_shower_building_unit_105": 4.635853347077303,
    "res_shower_building_unit_106": 4.635853347077303,
    "res_shower_building_unit_107": 4.635853347077303,
    "res_shower_building_unit_108": 4.635853347077303,
    "res_shower_building_unit_109": 4.635853347077303,
    "res_shower_building_unit_110": 4.635853347077303,
    "res_shower_building_unit_111": 4.635853347077303,
    "res_shower_building_unit_112": 4.635853347077303,
    "res_shower_building_unit_113": 4.635853347077303,
    "res_shower_building_unit_114": 4.635853347077303,
    "res_shower_building_unit_115": 4.635853347077303,
    "res_shower_building_unit_116": 4.635853347077303,
    "res_shower_building_unit_117": 4.635853347077303,
    "res_shower_building_unit_118": 4.635853347077303,
    "res_shower_building_unit_119": 4.635853347077303,
    "res_shower_building_unit_120": 4.635853347077303,
    "res_shower_building_unit_121": 4.635853347077303,
    "res_shower_building_unit_201": 4.68660892706257,
    "res_shower_building_unit_202": 4.68660892706257,
    "res_shower_building_unit_203": 4.68660892706257,
    "res_shower_building_unit_204": 4.68660892706257,
    "res_shower_building_unit_205": 4.68660892706257,
    "res_shower_building_unit_206": 4.68660892706257,
    "res_shower_building_unit_207": 4.68660892706257,
    "res_shower_building_unit_208": 4.68660892706257,
    "res_shower_building_unit_209": 4.68660892706257,
    "res_shower_building_unit_301": 4.353998669436014,
    "res_shower_building_unit_302": 4.353998669436014,
    "res_shower_building_unit_303": 4.353998669436014,
    "res_sink_dist_building_unit_001_0_0": 0.0,
    "res_sink_dist_building_unit_002_0_0": 0.0,
    "res_sink_dist_building_unit_003_0_0": 0.0,
    "res_sink_dist_building_unit_004_0_0": 0.0,
    "res_sink_dist_building_unit_005_0_0": 0.0,
    "res_sink_dist_building_unit_006_0_0": 0.0,
    "res_sink_dist_building_unit_007_0_0": 0.0,
    "res_sink_dist_building_unit_008_0_0": 0.0,
    "res_sink_dist_building_unit_009_0_0": 0.0,
    "res_sink_dist_building_unit_010_0_0": 0.0,
    "res_sink_dist_building_unit_011_0_0": 0.0,
    "res_sink_dist_building_unit_012_0_0": 0.0,
    "res_sink_dist_building_unit_101_0_0": 0.0,
    "res_sink_dist_building_unit_102_0_0": 0.0,
    "res_sink_dist_building_unit_103_0_0": 0.0,
    "res_sink_dist_building_unit_104_0_0": 0.0,
    "res_sink_dist_building_unit_105_0_0": 0.0,
    "res_sink_dist_building_unit_106_0_0": 0.0,
    "res_sink_dist_building_unit_107_0_0": 0.0,
    "res_sink_dist_building_unit_108_0_0": 0.0,
    "res_sink_dist_building_unit_109_0_0": 0.0,
    "res_sink_dist_building_unit_110_0_0": 0.0,
    "res_sink_dist_building_unit_111_0_0": 0.0,
    "res_sink_dist_building_unit_112_0_0": 0.0,
    "res_sink_dist_building_unit_113_0_0": 0.0,
    "res_sink_dist_building_unit_114_0_0": 0.0,
    "res_sink_dist_building_unit_115_0_0": 0.0,
    "res_sink_dist_building_unit_116_0_0": 0.0,
    "res_sink_dist_building_unit_117_0_0": 0.0,
    "res_sink_dist_building_unit_118_0_0": 0.0,
    "res_sink_dist_building_unit_119_0_0": 0.0,
    "res_sink_dist_building_unit_120_0_0": 0.0,
    "res_sink_dist_building_unit_121_0_0": 0.0,
    "res_sink_dist_building_unit_201_0_0": 0.0,
    "res_sink_dist_building_unit_202_0_0": 0.0,
    "res_sink_dist_building_unit_203_0_0": 0.0,
    "res_sink_dist_building_unit_204_0_0": 0.0,
    "res_sink_dist_building_unit_205_0_0": 0.0,
    "res_sink_dist_building_unit_206_0_0": 0.0,
    "res_sink_dist_building_unit_207_0_0": 0.0,
    "res_sink_dist_building_unit_208_0_0": 0.0,
    "res_sink_dist_building_unit_209_0_0": 0.0,
    "res_sink_dist_building_unit_301_0_0": 0.0,
    "res_sink_dist_building_unit_302_0_0": 0.0,
    "res_sink_dist_building_unit_303_0_0": 0.0,
    "res_sink_building_unit_001": 2.461827051156763,
    "res_sink_building_unit_002": 2.461827051156763,
    "res_sink_building_unit_003": 2.461827051156763,
    "res_sink_building_unit_004": 2.461827051156763,
    "res_sink_building_unit_005": 2.461827051156763,
    "res_sink_building_unit_006": 2.461827051156763,
    "res_sink_building_unit_007": 2.461827051156763,
    "res_sink_building_unit_008": 2.461827051156763,
    "res_sink_building_unit_009": 2.461827051156763,
    "res_sink_building_unit_010": 2.461827051156763,
    "res_sink_building_unit_011": 2.461827051156763,
    "res_sink_building_unit_012": 2.461827051156763,
    "res_sink_building_unit_101": 3.2811230937817255,
    "res_sink_building_unit_102": 3.2811230937817255,
    "res_sink_building_unit_103": 3.2811230937817255,
    "res_sink_building_unit_104": 3.2811230937817255,
    "res_sink_building_unit_105": 3.2811230937817255,
    "res_sink_building_unit_106": 3.2811230937817255,
    "res_sink_building_unit_107": 3.2811230937817255,
    "res_sink_building_unit_108": 3.2811230937817255,
    "res_sink_building_unit_109": 3.2811230937817255,
    "res_sink_building_unit_110": 3.2811230937817255,
    "res_sink_building_unit_111": 3.2811230937817255,
    "res_sink_building_unit_112": 3.2811230937817255,
    "res_sink_building_unit_113": 3.2811230937817255,
    "res_sink_building_unit_114": 3.2811230937817255,
    "res_sink_building_unit_115": 3.2811230937817255,
    "res_sink_building_unit_116": 3.2811230937817255,
    "res_sink_building_unit_117": 3.2811230937817255,
    "res_sink_building_unit_118": 3.2811230937817255,
    "res_sink_building_unit_119": 3.2811230937817255,
    "res_sink_building_unit_120": 3.2811230937817255,
    "res_sink_building_unit_121": 3.2811230937817255,
    "res_sink_building_unit_201": 3.275962113397163,
    "res_sink_building_unit_202": 3.275962113397163,
    "res_sink_building_unit_203": 3.275962113397163,
    "res_sink_building_unit_204": 3.275962113397163,
    "res_sink_building_unit_205": 3.275962113397163,
    "res_sink_building_unit_206": 3.275962113397163,
    "res_sink_building_unit_207": 3.275962113397163,
    "res_sink_building_unit_208": 3.275962113397163,
    "res_sink_building_unit_209": 3.275962113397163,
    "res_sink_building_unit_301": 3.3666001214104737,
    "res_sink_building_unit_302": 3.3666001214104737,
    "res_sink_building_unit_303": 3.3666001214104737,
    "zone_max_hours_over_70_rh": 189.0,
    "zone_max_hours_over_55_rh": 2559.0,
    "num_zones_x_hours_over_70": 1,
    "num_zones_x_hours_over_55": 21,
    "inflation_approach": "Constant Dollar",
    "analysis_length": 25,
    "number_of_measures_with_warnings": 4,
    "number_warnings": 187,
    "annual_peak_electric_demand": 140.37259,
    "first_year_capital_cost": 0.0,
    "annual_utility_cost": 0.0,
    "total_lifecycle_cost": 0.0,
    "applicable": true
  },
  "EnergyUseByStandardsBuildingType": {
    "pipe_heat_loss_gj": "GJ",
    "elevator_energy_use_gj": "GJ",
    "midriseapartment_interior_lighting_gj": "GJ",
    "midriseapartment_interior_equipment_gj": "GJ",
    "midriseapartment_floor_area_m_2": "m2",
    "midriseapartment_total_end_uses_gj": "GJ",
    "midriseapartment_total_eui_kbtu_per_ft_2": "kBtu/ft^2",
    "smallhotel_interior_lighting_gj": "GJ",
    "smallhotel_interior_equipment_gj": "GJ",
    "smallhotel_floor_area_m_2": "m2",
    "smallhotel_total_end_uses_gj": "GJ",
    "smallhotel_total_eui_kbtu_per_ft_2": "kBtu/ft^2",
    "quickservicerestaurant_interior_lighting_gj": "GJ",
    "quickservicerestaurant_interior_equipment_gj": "GJ",
    "quickservicerestaurant_floor_area_m_2": "m2",
    "quickservicerestaurant_total_end_uses_gj": "GJ",
    "quickservicerestaurant_total_eui_kbtu_per_ft_2": "kBtu/ft^2",
    "retail_interior_lighting_gj": "GJ",
    "retail_interior_equipment_gj": "GJ",
    "retail_floor_area_m_2": "m2",
    "retail_total_end_uses_gj": "GJ",
    "retail_total_eui_kbtu_per_ft_2": "kBtu/ft^2",
    "applicable": true
  },
  "DViewExport": {
    "applicable": true
  }
}