{
  "openstudio_results": {
    "units": "IP",
    "building_summary_section": true,
    "annual_overview_section": true,
    "monthly_overview_section": true,
    "utility_bills_rates_section": true,
    "envelope_section_section": true,
    "space_type_breakdown_section": true,
    "space_type_details_section": true,
    "interior_lighting_section": true,
    "plug_loads_section": true,
    "exterior_light_section": true,
    "water_use_section": true,
    "hvac_load_profile": true,
    "zone_condition_section": true,
    "zone_summary_section": true,
    "zone_equipment_detail_section": true,
    "air_loops_detail_section": true,
    "plant_loops_detail_section": true,
    "outdoor_air_section": true,
    "cost_summary_section": true,
    "source_energy_section": true,
    "schedules_overview_section": true,
    "measure_warning_section": true,
    "reg_monthly_details": false,
    "standards_gem_version": "0.2.11",
    "workflow_gem_version": "2.0.0",
    "building_name": "n/a",
    "total_site_energy": 1049252.5085292484,
    "net_site_energy": 1049252.5085292484,
    "total_building_area": 52000.020666708,
    "total_site_eui": 20.177924836884,
    "eui": 20.177924836884,
    "unmet_hours_during_heating": 0.0,
    "unmet_hours_during_cooling": 0.0,
    "unmet_hours_during_occupied_heating": 0.0,
    "unmet_hours_during_occupied_cooling": 0.0,
    "unmet_hours_tolerance_heating": 1.008,
    "unmet_hours_tolerance_cooling": 1.008,
    "end_use_heating": 13354.74322521464,
    "end_use_cooling": 150285.8825968796,
    "end_use_interior_lighting": 153555.8516619605,
    "end_use_exterior_lighting": 16482.539722248588,
    "end_use_interior_equipment": 456146.46732198703,
    "end_use_exterior_equipment": 0.0,
    "end_use_fans": 156437.215707713,
    "end_use_pumps": 0.0,
    "end_use_heat_rejection": 0.0,
    "end_use_humidification": 0.0,
    "end_use_heat_recovery": 0.0,
    "end_use_water_systems": 102989.80829324505,
    "end_use_refrigeration": 0.0,
    "end_use_generators": 0.0,
    "fuel_electricity": 1049252.5085292484,
    "fuel_natural_gas": 0.0,
    "fuel_additional_fuel": 0.0,
    "fuel_district_cooling": 0.0,
    "fuel_district_heating": 0.0,
    "end_use_electricity_heating": 3913.888888888889,
    "end_use_electricity_cooling": 44044.444444444445,
    "end_use_electricity_interior_lighting": 45002.777777777774,
    "end_use_electricity_exterior_lighting": 4830.555555555556,
    "end_use_electricity_interior_equipment": 133683.33333333334,
    "end_use_electricity_exterior_equipment": 0.0,
    "end_use_electricity_fans": 45847.222222222226,
    "end_use_electricity_pumps": 0.0,
    "end_use_electricity_heat_rejection": 0.0,
    "end_use_electricity_humidification": 0.0,
    "end_use_electricity_heat_recovery": 0.0,
    "end_use_electricity_water_systems": 30183.333333333332,
    "end_use_electricity_refrigeration": 0.0,
    "end_use_electricity_generators": 0.0,
    "end_use_natural_gas_heating": 0.0,
    "end_use_natural_gas_cooling": 0.0,
    "end_use_natural_gas_interior_lighting": 0.0,
    "end_use_natural_gas_exterior_lighting": 0.0,
    "end_use_natural_gas_interior_equipment": 0.0,
    "end_use_natural_gas_exterior_equipment": 0.0,
    "end_use_natural_gas_fans": 0.0,
    "end_use_natural_gas_pumps": 0.0,
    "end_use_natural_gas_heat_rejection": 0.0,
    "end_use_natural_gas_humidification": 0.0,
    "end_use_natural_gas_heat_recovery": 0.0,
    "end_use_natural_gas_water_systems": 0.0,
    "end_use_natural_gas_refrigeration": 0.0,
    "end_use_natural_gas_generators": 0.0,
    "electricity_heating_ip": 3913.936763577778,
    "electricity_cooling_ip": 44044.197222222225,
    "electricity_interior_lighting_ip": 45003.75,
    "electricity_exterior_lighting_ip": 4830.991666666667,
    "electricity_interior_equipment_ip": 133684.02777777778,
    "electricity_exterior_equipment_ip": 0.0,
    "electricity_fans_ip": 45847.444444444445,
    "electricity_pumps_ip": 0.0,
    "electricity_heat_rejection_ip": 0.0,
    "electricity_humidification_ip": 0.0,
    "electricity_heat_recovery_ip": 0.0,
    "electricity_water_systems_ip": 30182.058333333334,
    "electricity_refrigeration_ip": 0.0,
    "electricity_generators_ip": 0.0,
    "electricity_ip": 307506.4062080222,
    "natural_gas_heating_ip": 0.0,
    "natural_gas_cooling_ip": 0.0,
    "natural_gas_interior_lighting_ip": 0.0,
    "natural_gas_exterior_lighting_ip": 0.0,
    "natural_gas_interior_equipment_ip": 0.0,
    "natural_gas_exterior_equipment_ip": 0.0,
    "natural_gas_fans_ip": 0.0,
    "natural_gas_pumps_ip": 0.0,
    "natural_gas_heat_rejection_ip": 0.0,
    "natural_gas_humidification_ip": 0.0,
    "natural_gas_heat_recovery_ip": 0.0,
    "natural_gas_water_systems_ip": 0.0,
    "natural_gas_refrigeration_ip": 0.0,
    "natural_gas_generators_ip": 0.0,
    "natural_gas_ip": 0.0,
    "additional_fuel_heating_ip": 0.0,
    "additional_fuel_cooling_ip": 0.0,
    "additional_fuel_interior_lighting_ip": 0.0,
    "additional_fuel_exterior_lighting_ip": 0.0,
    "additional_fuel_interior_equipment_ip": 0.0,
    "additional_fuel_exterior_equipment_ip": 0.0,
    "additional_fuel_fans_ip": 0.0,
    "additional_fuel_pumps_ip": 0.0,
    "additional_fuel_heat_rejection_ip": 0.0,
    "additional_fuel_humidification_ip": 0.0,
    "additional_fuel_heat_recovery_ip": 0.0,
    "additional_fuel_water_systems_ip": 0.0,
    "additional_fuel_refrigeration_ip": 0.0,
    "additional_fuel_generators_ip": 0.0,
    "additional_fuel_ip": 0.0,
    "district_cooling_heating_ip": 0.0,
    "district_cooling_cooling_ip": 0.0,
    "district_cooling_interior_lighting_ip": 0.0,
    "district_cooling_exterior_lighting_ip": 0.0,
    "district_cooling_interior_equipment_ip": 0.0,
    "district_cooling_exterior_equipment_ip": 0.0,
    "district_cooling_fans_ip": 0.0,
    "district_cooling_pumps_ip": 0.0,
    "district_cooling_heat_rejection_ip": 0.0,
    "district_cooling_humidification_ip": 0.0,
    "district_cooling_heat_recovery_ip": 0.0,
    "district_cooling_water_systems_ip": 0.0,
    "district_cooling_refrigeration_ip": 0.0,
    "district_cooling_generators_ip": 0.0,
    "district_cooling_ip": 0.0,
    "district_heating_heating_ip": 0.0,
    "district_heating_cooling_ip": 0.0,
    "district_heating_interior_lighting_ip": 0.0,
    "district_heating_exterior_lighting_ip": 0.0,
    "district_heating_interior_equipment_ip": 0.0,
    "district_heating_exterior_equipment_ip": 0.0,
    "district_heating_fans_ip": 0.0,
    "district_heating_pumps_ip": 0.0,
    "district_heating_heat_rejection_ip": 0.0,
    "district_heating_humidification_ip": 0.0,
    "district_heating_heat_recovery_ip": 0.0,
    "district_heating_water_systems_ip": 0.0,
    "district_heating_refrigeration_ip": 0.0,
    "district_heating_generators_ip": 0.0,
    "district_heating_ip": 0.0,
    "typical_iead_roof_r_34_48": 13000.000000000004,
    "typical_insulated_wood_framed_exterior_wall_r_34_48": 16323.999999999989,
    "u_0_25_shgc_0_22_simple_glazing_window_u_0_25_shgc_0_22": 39.61617452129901,
    "u_0_25_shgc_0_24_simple_glazing_window_u_0_25_shgc_0_24": 20.76612546802729,
    "gross_window_wall_ratio": 30.0,
    "gross_window_wall_ratio_conditioned": 30.0,
    "skylight_roof_ratio": 0.0,
    "space_type_bathroom": 300.0,
    "space_type_coffee": 1499.9999999999998,
    "space_type_community": 1500.0000000000002,
    "space_type_corridor_5": 3399.999999999998,
    "space_type_elevator": 800.0000000000002,
    "space_type_garbage_2": 450.00000000000034,
    "space_type_gym_2": 1050.0000000000002,
    "space_type_living": 34199.99999999999,
    "space_type_lobby": 599.9999999999998,
    "space_type_mail": 450.0,
    "space_type_office_2": 750.0000000000001,
    "space_type_retail": 4600.000000000001,
    "space_type_stair": 2400.0000000000014,
    "res_bath_dist_building_unit_001_0_0": 0.0,
    "res_bath_dist_building_unit_002_0_0": 0.0,
    "res_bath_dist_building_unit_003_0_0": 0.0,
    "res_bath_dist_building_unit_004_0_0": 0.0,
    "res_bath_dist_building_unit_005_0_0": 0.0,
    "res_bath_dist_building_unit_006_0_0": 0.0,
    "res_bath_dist_building_unit_007_0_0": 0.0,
    "res_bath_dist_building_unit_008_0_0": 0.0,
    "res_bath_dist_building_unit_009_0_0": 0.0,
    "res_bath_dist_building_unit_010_0_0": 0.0,
    "res_bath_dist_building_unit_011_0_0": 0.0,
    "res_bath_dist_building_unit_012_0_0": 0.0,
    "res_bath_dist_building_unit_101_0_0": 0.0,
    "res_bath_dist_building_unit_102_0_0": 0.0,
    "res_bath_dist_building_unit_103_0_0": 0.0,
    "res_bath_dist_building_unit_104_0_0": 0.0,
    "res_bath_dist_building_unit_105_0_0": 0.0,
    "res_bath_dist_building_unit_106_0_0": 0.0,
    "res_bath_dist_building_unit_107_0_0": 0.0,
    "res_bath_dist_building_unit_108_0_0": 0.0,
    "res_bath_dist_building_unit_109_0_0": 0.0,
    "res_bath_dist_building_unit_110_0_0": 0.0,
    "res_bath_dist_building_unit_111_0_0": 0.0,
    "res_bath_dist_building_unit_112_0_0": 0.0,
    "res_bath_dist_building_unit_113_0_0": 0.0,
    "res_bath_dist_building_unit_114_0_0": 0.0,
    "res_bath_dist_building_unit_115_0_0": 0.0,
    "res_bath_dist_building_unit_116_0_0": 0.0,
    "res_bath_dist_building_unit_117_0_0": 0.0,
    "res_bath_dist_building_unit_118_0_0": 0.0,
    "res_bath_dist_building_unit_119_0_0": 0.0,
    "res_bath_dist_building_unit_120_0_0": 0.0,
    "res_bath_dist_building_unit_121_0_0": 0.0,
    "res_bath_dist_building_unit_201_0_0": 0.0,
    "res_bath_dist_building_unit_202_0_0": 0.0,
    "res_bath_dist_building_unit_203_0_0": 0.0,
    "res_bath_dist_building_unit_204_0_0": 0.0,
    "res_bath_dist_building_unit_205_0_0": 0.0,
    "res_bath_dist_building_unit_206_0_0": 0.0,
    "res_bath_dist_building_unit_207_0_0": 0.0,
    "res_bath_dist_building_unit_208_0_0": 0.0,
    "res_bath_dist_building_unit_209_0_0": 0.0,
    "res_bath_dist_building_unit_301_0_0": 0.0,
    "res_bath_dist_building_unit_302_0_0": 0.0,
    "res_bath_dist_building_unit_303_0_0": 0.0,
    "res_bath_building_unit_001": 5.585124119624446,
    "res_bath_building_unit_002": 5.585124119624446,
    "res_bath_building_unit_003": 5.585124119624446,
    "res_bath_building_unit_004": 5.585124119624446,
    "res_bath_building_unit_005": 5.585124119624446,
    "res_bath_building_unit_006": 5.585124119624446,
    "res_bath_building_unit_007": 5.585124119624446,
    "res_bath_building_unit_008": 5.585124119624446,
    "res_bath_building_unit_009": 5.585124119624446,
    "res_bath_building_unit_010": 5.585124119624446,
    "res_bath_building_unit_011": 5.585124119624446,
    "res_bath_building_unit_012": 5.585124119624446,
    "res_bath_building_unit_101": 7.452151325327473,
    "res_bath_building_unit_102": 7.452151325327473,
    "res_bath_building_unit_103": 7.452151325327473,
    "res_bath_building_unit_104": 7.452151325327473,
    "res_bath_building_unit_105": 7.452151325327473,
    "res_bath_building_unit_106": 7.452151325327473,
    "res_bath_building_unit_107": 7.452151325327473,
    "res_bath_building_unit_108": 7.452151325327473,
    "res_bath_building_unit_109": 7.452151325327473,
    "res_bath_building_unit_110": 7.452151325327473,
    "res_bath_building_unit_111": 7.452151325327473,
    "res_bath_building_unit_112": 7.452151325327473,
    "res_bath_building_unit_113": 7.452151325327473,
    "res_bath_building_unit_114": 7.452151325327473,
    "res_bath_building_unit_115": 7.452151325327473,
    "res_bath_building_unit_116": 7.452151325327473,
    "res_bath_building_unit_117": 7.452151325327473,
    "res_bath_building_unit_118": 7.452151325327473,
    "res_bath_building_unit_119": 7.452151325327473,
    "res_bath_building_unit_120": 7.452151325327473,
    "res_bath_building_unit_121": 7.452151325327473,
    "res_bath_building_unit_201": 6.519815478790141,
    "res_bath_building_unit_202": 6.519815478790141,
    "res_bath_building_unit_203": 6.519815478790141,
    "res_bath_building_unit_204": 6.519815478790141,
    "res_bath_building_unit_205": 6.519815478790141,
    "res_bath_building_unit_206": 6.519815478790141,
    "res_bath_building_unit_207": 6.519815478790141,
    "res_bath_building_unit_208": 6.519815478790141,
    "res_bath_building_unit_209": 6.519815478790141,
    "res_bath_building_unit_301": 6.809606028219618,
    "res_bath_building_unit_302": 6.809606028219618,
    "res_bath_building_unit_303": 6.809606028219618,
    "res_cw_building_unit_001": 0.476335050543237,
    "res_cw_building_unit_002": 0.476335050543237,
    "res_cw_building_unit_003": 0.476335050543237,
    "res_cw_building_unit_004": 0.476335050543237,
    "res_cw_building_unit_005": 0.476335050543237,
    "res_cw_building_unit_006": 0.476335050543237,
    "res_cw_building_unit_007": 0.476335050543237,
    "res_cw_building_unit_008": 0.476335050543237,
    "res_cw_building_unit_009": 0.476335050543237,
    "res_cw_building_unit_010": 0.476335050543237,
    "res_cw_building_unit_011": 0.476335050543237,
    "res_cw_building_unit_012": 0.476335050543237,
    "res_cw_building_unit_101": 0.6351134007243165,
    "res_cw_building_unit_102": 0.6351134007243165,
    "res_cw_building_unit_103": 0.6351134007243165,
    "res_cw_building_unit_104": 0.6351134007243165,
    "res_cw_building_unit_105": 0.6351134007243165,
    "res_cw_building_unit_106": 0.6351134007243165,
    "res_cw_building_unit_107": 0.6351134007243165,
    "res_cw_building_unit_108": 0.6351134007243165,
    "res_cw_building_unit_109": 0.6351134007243165,
    "res_cw_building_unit_110": 0.6351134007243165,
    "res_cw_building_unit_111": 0.6351134007243165,
    "res_cw_building_unit_112": 0.6351134007243165,
    "res_cw_building_unit_113": 0.6351134007243165,
    "res_cw_building_unit_114": 0.6351134007243165,
    "res_cw_building_unit_115": 0.6351134007243165,
    "res_cw_building_unit_116": 0.6351134007243165,
    "res_cw_building_unit_117": 0.6351134007243165,
    "res_cw_building_unit_118": 0.6351134007243165,
    "res_cw_building_unit_119": 0.6351134007243165,
    "res_cw_building_unit_120": 0.6351134007243165,
    "res_cw_building_unit_121": 0.6351134007243165,
    "res_cw_building_unit_201": 0.6979634270451758,
    "res_cw_building_unit_202": 0.6979634270451758,
    "res_cw_building_unit_203": 0.6979634270451758,
    "res_cw_building_unit_204": 0.6979634270451758,
    "res_cw_building_unit_205": 0.6979634270451758,
    "res_cw_building_unit_206": 0.6979634270451758,
    "res_cw_building_unit_207": 0.6979634270451758,
    "res_cw_building_unit_208": 0.6979634270451758,
    "res_cw_building_unit_209": 0.6979634270451758,
    "res_cw_building_unit_301": 0.7418799030871566,
    "res_cw_building_unit_302": 0.7418799030871566,
    "res_cw_building_unit_303": 0.7418799030871566,
    "res_dw_building_unit_001": 0.4536407467020509,
    "res_dw_building_unit_002": 0.4536407467020509,
    "res_dw_building_unit_003": 0.4536407467020509,
    "res_dw_building_unit_004": 0.4536407467020509,
    "res_dw_building_unit_005": 0.4536407467020509,
    "res_dw_building_unit_006": 0.4536407467020509,
    "res_dw_building_unit_007": 0.4536407467020509,
    "res_dw_building_unit_008": 0.4536407467020509,
    "res_dw_building_unit_009": 0.4536407467020509,
    "res_dw_building_unit_010": 0.4536407467020509,
    "res_dw_building_unit_011": 0.4536407467020509,
    "res_dw_building_unit_012": 0.4536407467020509,
    "res_dw_building_unit_101": 0.6048543289360678,
    "res_dw_building_unit_102": 0.6048543289360678,
    "res_dw_building_unit_103": 0.6048543289360678,
    "res_dw_building_unit_104": 0.6048543289360678,
    "res_dw_building_unit_105": 0.6048543289360678,
    "res_dw_building_unit_106": 0.6048543289360678,
    "res_dw_building_unit_107": 0.6048543289360678,
    "res_dw_building_unit_108": 0.6048543289360678,
    "res_dw_building_unit_109": 0.6048543289360678,
    "res_dw_building_unit_110": 0.6048543289360678,
    "res_dw_building_unit_111": 0.6048543289360678,
    "res_dw_building_unit_112": 0.6048543289360678,
    "res_dw_building_unit_113": 0.6048543289360678,
    "res_dw_building_unit_114": 0.6048543289360678,
    "res_dw_building_unit_115": 0.6048543289360678,
    "res_dw_building_unit_116": 0.6048543289360678,
    "res_dw_building_unit_117": 0.6048543289360678,
    "res_dw_building_unit_118": 0.6048543289360678,
    "res_dw_building_unit_119": 0.6048543289360678,
    "res_dw_building_unit_120": 0.6048543289360678,
    "res_dw_building_unit_121": 0.6048543289360678,
    "res_dw_building_unit_201": 0.5764479481066658,
    "res_dw_building_unit_202": 0.5764479481066658,
    "res_dw_building_unit_203": 0.5764479481066658,
    "res_dw_building_unit_204": 0.5764479481066658,
    "res_dw_building_unit_205": 0.5764479481066658,
    "res_dw_building_unit_206": 0.5764479481066658,
    "res_dw_building_unit_207": 0.5764479481066658,
    "res_dw_building_unit_208": 0.5764479481066658,
    "res_dw_building_unit_209": 0.5764479481066658,
    "res_dw_building_unit_301": 0.612084276081137,
    "res_dw_building_unit_302": 0.612084276081137,
    "res_dw_building_unit_303": 0.612084276081137,
    "res_shower_dist_building_unit_001_0_0": 0.0,
    "res_shower_dist_building_unit_002_0_0": 0.0,
    "res_shower_dist_building_unit_003_0_0": 0.0,
    "res_shower_dist_building_unit_004_0_0": 0.0,
    "res_shower_dist_building_unit_005_0_0": 0.0,
    "res_shower_dist_building_unit_006_0_0": 0.0,
    "res_shower_dist_building_unit_007_0_0": 0.0,
    "res_shower_dist_building_unit_008_0_0": 0.0,
    "res_shower_dist_building_unit_009_0_0": 0.0,
    "res_shower_dist_building_unit_010_0_0": 0.0,
    "res_shower_dist_building_unit_011_0_0": 0.0,
    "res_shower_dist_building_unit_012_0_0": 0.0,
    "res_shower_dist_building_unit_101_0_0": 0.0,
    "res_shower_dist_building_unit_102_0_0": 0.0,
    "res_shower_dist_building_unit_103_0_0": 0.0,
    "res_shower_dist_building_unit_104_0_0": 0.0,
    "res_shower_dist_building_unit_105_0_0": 0.0,
    "res_shower_dist_building_unit_106_0_0": 0.0,
    "res_shower_dist_building_unit_107_0_0": 0.0,
    "res_shower_dist_building_unit_108_0_0": 0.0,
    "res_shower_dist_building_unit_109_0_0": 0.0,
    "res_shower_dist_building_unit_110_0_0": 0.0,
    "res_shower_dist_building_unit_111_0_0": 0.0,
    "res_shower_dist_building_unit_112_0_0": 0.0,
    "res_shower_dist_building_unit_113_0_0": 0.0,
    "res_shower_dist_building_unit_114_0_0": 0.0,
    "res_shower_dist_building_unit_115_0_0": 0.0,
    "res_shower_dist_building_unit_116_0_0": 0.0,
    "res_shower_dist_building_unit_117_0_0": 0.0,
    "res_shower_dist_building_unit_118_0_0": 0.0,
    "res_shower_dist_building_unit_119_0_0": 0.0,
    "res_shower_dist_building_unit_120_0_0": 0.0,
    "res_shower_dist_building_unit_121_0_0": 0.0,
    "res_shower_dist_building_unit_201_0_0": 0.0,
    "res_shower_dist_building_unit_202_0_0": 0.0,
    "res_shower_dist_building_unit_203_0_0": 0.0,
    "res_shower_dist_building_unit_204_0_0": 0.0,
    "res_shower_dist_building_unit_205_0_0": 0.0,
    "res_shower_dist_building_unit_206_0_0": 0.0,
    "res_shower_dist_building_unit_207_0_0": 0.0,
    "res_shower_dist_building_unit_208_0_0": 0.0,
    "res_shower_dist_building_unit_209_0_0": 0.0,
    "res_shower_dist_building_unit_301_0_0": 0.0,
    "res_shower_dist_building_unit_302_0_0": 0.0,
    "res_shower_dist_building_unit_303_0_0": 0.0,
    "res_shower_building_unit_001": 3.47626924794228,
    "res_shower_building_unit_002": 3.47626924794228,
    "res_shower_building_unit_003": 3.47626924794228,
    "res_shower_building_unit_004": 3.47626924794228,
    "res_shower_building_unit_005": 3.47626924794228,
    "res_shower_building_unit_006": 3.47626924794228,
    "res_shower_building_unit_007": 3.47626924794228,
    "res_shower_building_unit_008": 3.47626924794228,
    "res_shower_building_unit_009": 3.47626924794228,
    "res_shower_building_unit_010": 3.47626924794228,
    "res_shower_building_unit_011": 3.47626924794228,
    "res_shower_building_unit_012": 3.47626924794228,
    "res_shower_building_unit_101": 4.635853347077303,
    "res_shower_building_unit_102": 4.635853347077303,
    "res_shower_building_unit_103": 4.635853347077303,
    "res_shower_building_unit_104": 4.635853347077303,
    "res_shower_building_unit_105": 4.635853347077303,
    "res_shower_building_unit_106": 4.635853347077303,
    "res_shower_building_unit_107": 4.635853347077303,
    "res_shower_building_unit_108": 4.635853347077303,
    "res_shower_building_unit_109": 4.635853347077303,
    "res_shower_building_unit_110": 4.635853347077303,
    "res_shower_building_unit_111": 4.635853347077303,
    "res_shower_building_unit_112": 4.635853347077303,
    "res_shower_building_unit_113": 4.635853347077303,
    "res_shower_building_unit_114": 4.635853347077303,
    "res_shower_building_unit_115": 4.635853347077303,
    "res_shower_building_unit_116": 4.635853347077303,
    "res_shower_building_unit_117": 4.635853347077303,
    "res_shower_building_unit_118": 4.635853347077303,
    "res_shower_building_unit_119": 4.635853347077303,
    "res_shower_building_unit_120": 4.635853347077303,
    "res_shower_building_unit_121": 4.635853347077303,
    "res_shower_building_unit_201": 4.68660892706257,
    "res_shower_building_unit_202": 4.68660892706257,
    "res_shower_building_unit_203": 4.68660892706257,
    "res_shower_building_unit_204": 4.68660892706257,
    "res_shower_building_unit_205": 4.68660892706257,
    "res_shower_building_unit_206": 4.68660892706257,
    "res_shower_building_unit_207": 4.68660892706257,
    "res_shower_building_unit_208": 4.68660892706257,
    "res_shower_building_unit_209": 4.68660892706257,
    "res_shower_building_unit_301": 4.353998669436014,
    "res_shower_building_unit_302": 4.353998669436014,
    "res_shower_building_unit_303": 4.353998669436014,
    "res_sink_dist_building_unit_001_0_0": 0.0,
    "res_sink_dist_building_unit_002_0_0": 0.0,
    "res_sink_dist_building_unit_003_0_0": 0.0,
    "res_sink_dist_building_unit_004_0_0": 0.0,
    "res_sink_dist_building_unit_005_0_0": 0.0,
    "res_sink_dist_building_unit_006_0_0": 0.0,
    "res_sink_dist_building_unit_007_0_0": 0.0,
    "res_sink_dist_building_unit_008_0_0": 0.0,
    "res_sink_dist_building_unit_009_0_0": 0.0,
    "res_sink_dist_building_unit_010_0_0": 0.0,
    "res_sink_dist_building_unit_011_0_0": 0.0,
    "res_sink_dist_building_unit_012_0_0": 0.0,
    "res_sink_dist_building_unit_101_0_0": 0.0,
    "res_sink_dist_building_unit_102_0_0": 0.0,
    "res_sink_dist_building_unit_103_0_0": 0.0,
    "res_sink_dist_building_unit_104_0_0": 0.0,
    "res_sink_dist_building_unit_105_0_0": 0.0,
    "res_sink_dist_building_unit_106_0_0": 0.0,
    "res_sink_dist_building_unit_107_0_0": 0.0,
    "res_sink_dist_building_unit_108_0_0": 0.0,
    "res_sink_dist_building_unit_109_0_0": 0.0,
    "res_sink_dist_building_unit_110_0_0": 0.0,
    "res_sink_dist_building_unit_111_0_0": 0.0,
    "res_sink_dist_building_unit_112_0_0": 0.0,
    "res_sink_dist_building_unit_113_0_0": 0.0,
    "res_sink_dist_building_unit_114_0_0": 0.0,
    "res_sink_dist_building_unit_115_0_0": 0.0,
    "res_sink_dist_building_unit_116_0_0": 0.0,
    "res_sink_dist_building_unit_117_0_0": 0.0,
    "res_sink_dist_building_unit_118_0_0": 0.0,
    "res_sink_dist_building_unit_119_0_0": 0.0,
    "res_sink_dist_building_unit_120_0_0": 0.0,
    "res_sink_dist_building_unit_121_0_0": 0.0,
    "res_sink_dist_building_unit_201_0_0": 0.0,
    "res_sink_dist_building_unit_202_0_0": 0.0,
    "res_sink_dist_building_unit_203_0_0": 0.0,
    "res_sink_dist_building_unit_204_0_0": 0.0,
    "res_sink_dist_building_unit_205_0_0": 0.0,
    "res_sink_dist_building_unit_206_0_0": 0.0,
    "res_sink_dist_building_unit_207_0_0": 0.0,
    "res_sink_dist_building_unit_208_0_0": 0.0,
    "res_sink_dist_building_unit_209_0_0": 0.0,
    "res_sink_dist_building_unit_301_0_0": 0.0,
    "res_sink_dist_building_unit_302_0_0": 0.0,
    "res_sink_dist_building_unit_303_0_0": 0.0,
    "res_sink_building_unit_001": 2.461827051156763,
    "res_sink_building_unit_002": 2.461827051156763,
    "res_sink_building_unit_003": 2.461827051156763,
    "res_sink_building_unit_004": 2.461827051156763,
    "res_sink_building_unit_005": 2.461827051156763,
    "res_sink_building_unit_006": 2.461827051156763,
    "res_sink_building_unit_007": 2.461827051156763,
    "res_sink_building_unit_008": 2.461827051156763,
    "res_sink_building_unit_009": 2.461827051156763,
    "res_sink_building_unit_010": 2.461827051156763,
    "res_sink_building_unit_011": 2.461827051156763,
    "res_sink_building_unit_012": 2.461827051156763,
    "res_sink_building_unit_101": 3.2811230937817255,
    "res_sink_building_unit_102": 3.2811230937817255,
    "res_sink_building_unit_103": 3.2811230937817255,
    "res_sink_building_unit_104": 3.2811230937817255,
    "res_sink_building_unit_105": 3.2811230937817255,
    "res_sink_building_unit_106": 3.2811230937817255,
    "res_sink_building_unit_107": 3.2811230937817255,
    "res_sink_building_unit_108": 3.2811230937817255,
    "res_sink_building_unit_109": 3.2811230937817255,
    "res_sink_building_unit_110": 3.2811230937817255,
    "res_sink_building_unit_111": 3.2811230937817255,
    "res_sink_building_unit_112": 3.2811230937817255,
    "res_sink_building_unit_113": 3.2811230937817255,
    "res_sink_building_unit_114": 3.2811230937817255,
    "res_sink_building_unit_115": 3.2811230937817255,
    "res_sink_building_unit_116": 3.2811230937817255,
    "res_sink_building_unit_117": 3.2811230937817255,
    "res_sink_building_unit_118": 3.2811230937817255,
    "res_sink_building_unit_119": 3.2811230937817255,
    "res_sink_building_unit_120": 3.2811230937817255,
    "res_sink_building_unit_121": 3.2811230937817255,
    "res_sink_building_unit_201": 3.275962113397163,
    "res_sink_building_unit_202": 3.275962113397163,
    "res_sink_building_unit_203": 3.275962113397163,
    "res_sink_building_unit_204": 3.275962113397163,
    "res_sink_building_unit_205": 3.275962113397163,
    "res_sink_building_unit_206": 3.275962113397163,
    "res_sink_building_unit_207": 3.275962113397163,
    "res_sink_building_unit_208": 3.275962113397163,
    "res_sink_building_unit_209": 3.275962113397163,
    "res_sink_building_unit_301": 3.3666001214104737,
    "res_sink_building_unit_302": 3.3666001214104737,
    "res_sink_building_unit_303": 3.3666001214104737,
    "zone_max_hours_over_70_rh": 8757.0,
    "zone_max_hours_over_55_rh": 8760.0,
    "num_zones_x_hours_over_70": 1,
    "num_zones_x_hours_over_55": 10,
    "inflation_approach": "Constant Dollar",
    "analysis_length": 25,
    "number_of_measures_with_warnings": 0,
    "number_warnings": 0,
    "annual_peak_electric_demand": 119.12550999999999,
    "first_year_capital_cost": 0.0,
    "annual_utility_cost": 0.0,
    "total_lifecycle_cost": 0.0,
    "applicable": true
  },
  "EnergyUseByStandardsBuildingType": {
    "pipe_heat_loss_gj": "GJ",
    "elevator_energy_use_gj": "GJ",
    "midriseapartment_interior_lighting_gj": "GJ",
    "midriseapartment_interior_equipment_gj": "GJ",
    "midriseapartment_floor_area_m_2": "m2",
    "midriseapartment_total_end_uses_gj": "GJ",
    "midriseapartment_total_eui_kbtu_per_ft_2": "kBtu/ft^2",
    "smallhotel_interior_lighting_gj": "GJ",
    "smallhotel_interior_equipment_gj": "GJ",
    "smallhotel_floor_area_m_2": "m2",
    "smallhotel_total_end_uses_gj": "GJ",
    "smallhotel_total_eui_kbtu_per_ft_2": "kBtu/ft^2",
    "quickservicerestaurant_interior_lighting_gj": "GJ",
    "quickservicerestaurant_interior_equipment_gj": "GJ",
    "quickservicerestaurant_floor_area_m_2": "m2",
    "quickservicerestaurant_total_end_uses_gj": "GJ",
    "quickservicerestaurant_total_eui_kbtu_per_ft_2": "kBtu/ft^2",
    "retail_interior_lighting_gj": "GJ",
    "retail_interior_equipment_gj": "GJ",
    "retail_floor_area_m_2": "m2",
    "retail_total_end_uses_gj": "GJ",
    "retail_total_eui_kbtu_per_ft_2": "kBtu/ft^2",
    "applicable": true
  },
  "DViewExport": {
    "applicable": true
  }
}